{
    "city": 1,
    "initialStart": [
        18.047876530212104,
        59.3526397669712
    ],
    "trips": [
        [
            [
                18.04781,
                59.35274
            ],
            [
                18.04764,
                59.3527
            ],
            [
                18.04744,
                59.35265
            ],
            [
                18.04726,
                59.35255
            ],
            [
                18.04751,
                59.35235
            ],
            [
                18.04761,
                59.35227
            ],
            [
                18.04771,
                59.35223
            ],
            [
                18.04814,
                59.35204
            ],
            [
                18.04771,
                59.35195
            ],
            [
                18.04746,
                59.35185
            ],
            [
                18.04726,
                59.3517
            ],
            [
                18.04731,
                59.35168
            ],
            [
                18.04734,
                59.35161
            ],
            [
                18.04729,
                59.35147
            ],
            [
                18.04737,
                59.35124
            ]
        ],
        [
            [
                18.04737,
                59.35124
            ],
            [
                18.04729,
                59.35147
            ],
            [
                18.04734,
                59.35161
            ],
            [
                18.04731,
                59.35168
            ],
            [
                18.04726,
                59.3517
            ],
            [
                18.04746,
                59.35185
            ],
            [
                18.04771,
                59.35195
            ],
            [
                18.04814,
                59.35204
            ],
            [
                18.04771,
                59.35223
            ],
            [
                18.04761,
                59.35227
            ],
            [
                18.04751,
                59.35235
            ],
            [
                18.04726,
                59.35255
            ],
            [
                18.04744,
                59.35265
            ],
            [
                18.04764,
                59.3527
            ],
            [
                18.04781,
                59.35274
            ]
        ],
        [
            [
                18.04781,
                59.35274
            ],
            [
                18.04828,
                59.35283
            ],
            [
                18.0481,
                59.35297
            ]
        ]
    ],
    "trips_encoded": [
        "y}cmBsigiJ`@Ff@Hb@Rq@f@SNSFuAd@tAPp@Rf@\\IBELHZOl@",
        "a{cmBg`giJNm@I[DMHCg@]q@SuAQtAe@RGROp@g@c@Sg@Ia@G",
        "y}cmBsigiJ}AQb@["
    ]
}