{
    "city": 1,
    "initialStart": [
        18.08431,
        59.33773
    ],
    "trips": [
        [
            [
                18.08431,
                59.33773
            ],
            [
                18.08468,
                59.33766
            ],
            [
                18.08478,
                59.33764
            ],
            [
                18.08491,
                59.33761
            ],
            [
                18.0855,
                59.33749
            ],
            [
                18.08566,
                59.33746
            ],
            [
                18.0856,
                59.33738
            ],
            [
                18.08482,
                59.33639
            ],
            [
                18.08477,
                59.3363
            ],
            [
                18.08489,
                59.33628
            ],
            [
                18.08614,
                59.33602
            ],
            [
                18.0861,
                59.33596
            ],
            [
                18.08618,
                59.33594
            ]
        ],
        [
            [
                18.08618,
                59.33594
            ],
            [
                18.0862,
                59.33593
            ],
            [
                18.08629,
                59.33591
            ],
            [
                18.08632,
                59.33598
            ],
            [
                18.08635,
                59.33607
            ],
            [
                18.08715,
                59.33707
            ],
            [
                18.08721,
                59.33714
            ],
            [
                18.08704,
                59.33718
            ],
            [
                18.0858,
                59.33743
            ],
            [
                18.08566,
                59.33746
            ],
            [
                18.0855,
                59.33749
            ],
            [
                18.08491,
                59.33761
            ],
            [
                18.08478,
                59.33764
            ],
            [
                18.08468,
                59.33766
            ],
            [
                18.08431,
                59.33773
            ]
        ],
        [
            [
                18.08431,
                59.33773
            ],
            [
                18.08406,
                59.33778
            ],
            [
                18.0839,
                59.33781
            ],
            [
                18.08395,
                59.33789
            ],
            [
                18.08452,
                59.33861
            ],
            [
                18.08457,
                59.33867
            ],
            [
                18.08474,
                59.3389
            ],
            [
                18.08461,
                59.33892
            ],
            [
                18.08372,
                59.33911
            ],
            [
                18.08361,
                59.33913
            ],
            [
                18.08277,
                59.3393
            ],
            [
                18.08281,
                59.33935
            ],
            [
                18.08281,
                59.3394
            ],
            [
                18.08305,
                59.33967
            ]
        ]
    ],
    "trips_encoded": [
        "}akmBykdiJiALSBYDuBV_@DJNzCdEHPWByFr@FJOB",
        "smkmBs`diJC@QBEMEQ_DgEKM`@GvFq@ZE^EtBWXERChAM",
        "}akmBykdiJp@I^EIOqBoCIKa@m@XCpDe@TCfDa@GI?Io@u@"
    ]
}