{
    "city": 1,
    "initialStart": [
        18.03894,
        59.33765
    ],
    "trips": [
        [
            [
                18.03894,
                59.33765
            ],
            [
                18.03942,
                59.33761
            ],
            [
                18.03942,
                59.33757
            ],
            [
                18.03966,
                59.33755
            ],
            [
                18.04019,
                59.33786
            ],
            [
                18.04032,
                59.33798
            ],
            [
                18.04049,
                59.33806
            ],
            [
                18.04056,
                59.33803
            ],
            [
                18.04146,
                59.33761
            ],
            [
                18.04261,
                59.33716
            ],
            [
                18.04335,
                59.33696
            ],
            [
                18.04563,
                59.33654
            ],
            [
                18.0462,
                59.33645
            ]
        ],
        [
            [
                18.0462,
                59.33645
            ],
            [
                18.04563,
                59.33654
            ],
            [
                18.04335,
                59.33696
            ],
            [
                18.04261,
                59.33716
            ],
            [
                18.04146,
                59.33761
            ],
            [
                18.04056,
                59.33803
            ],
            [
                18.04049,
                59.33806
            ],
            [
                18.04032,
                59.33798
            ],
            [
                18.04019,
                59.33786
            ],
            [
                18.03966,
                59.33755
            ],
            [
                18.03942,
                59.33757
            ],
            [
                18.03942,
                59.33761
            ],
            [
                18.03894,
                59.33765
            ]
        ],
        [
            [
                18.03894,
                59.33765
            ],
            [
                18.03942,
                59.33761
            ],
            [
                18.03942,
                59.33757
            ],
            [
                18.03966,
                59.33755
            ],
            [
                18.04019,
                59.33786
            ],
            [
                18.04032,
                59.33798
            ],
            [
                18.04049,
                59.33806
            ],
            [
                18.0406,
                59.33811
            ],
            [
                18.0407,
                59.33816
            ],
            [
                18.04052,
                59.33827
            ],
            [
                18.04063,
                59.33831
            ],
            [
                18.04027,
                59.33862
            ],
            [
                18.03982,
                59.33911
            ],
            [
                18.03974,
                59.3392
            ],
            [
                18.03968,
                59.33927
            ],
            [
                18.03964,
                59.33937
            ],
            [
                18.03938,
                59.33964
            ],
            [
                18.0392,
                59.33977
            ],
            [
                18.03915,
                59.33982
            ],
            [
                18.03908,
                59.3399
            ],
            [
                18.03902,
                59.33996
            ],
            [
                18.03818,
                59.34093
            ],
            [
                18.03812,
                59.34096
            ],
            [
                18.03807,
                59.34098
            ],
            [
                18.03795,
                59.34111
            ],
            [
                18.03783,
                59.34125
            ],
            [
                18.03779,
                59.3413
            ],
            [
                18.03772,
                59.34142
            ],
            [
                18.03768,
                59.34148
            ],
            [
                18.03765,
                59.34152
            ],
            [
                18.03726,
                59.34194
            ],
            [
                18.03694,
                59.34235
            ],
            [
                18.03686,
                59.34245
            ],
            [
                18.03678,
                59.34254
            ],
            [
                18.03671,
                59.34254
            ],
            [
                18.03658,
                59.34253
            ],
            [
                18.0365,
                59.34253
            ],
            [
                18.03637,
                59.34252
            ],
            [
                18.03621,
                59.34251
            ],
            [
                18.03611,
                59.34248
            ],
            [
                18.03401,
                59.34239
            ],
            [
                18.03402,
                59.34233
            ],
            [
                18.03458,
                59.34235
            ]
        ]
    ],
    "trips_encoded": [
        "kfbmBikdiJ_BF?Fo@BiB}@YWa@OMDsDrAeFxAsCf@gMrAqBP",
        "wscmBycdiJpBQfMsArCg@dFyArDsALE`@NXVhB|@n@C?G~AG",
        "kfbmBikdiJ_BF?Fo@BiB}@YWa@OUISIb@UUGfA}@xAaBNQJMFSr@u@b@YHILOJKfDaEJEHCVYV[FILWFKDGlAsA~@qANSNQL?X@N?X@^@RDbLPAJoBC"
    ]
}