{
    "city": 1,
    "initialStart": [
        18.052339578016248,
        59.353547148487955
    ],
    "trips": [
        [
            [
                18.05224,
                59.35373
            ],
            [
                18.05279,
                59.35381
            ],
            [
                18.05308,
                59.35339
            ],
            [
                18.05336,
                59.35309
            ],
            [
                18.05405,
                59.35261
            ],
            [
                18.05438,
                59.35234
            ],
            [
                18.05439,
                59.35214
            ],
            [
                18.05475,
                59.35171
            ],
            [
                18.05493,
                59.35175
            ],
            [
                18.05551,
                59.35194
            ],
            [
                18.05577,
                59.35204
            ],
            [
                18.05531,
                59.35223
            ],
            [
                18.05509,
                59.35235
            ],
            [
                18.05454,
                59.35269
            ],
            [
                18.05384,
                59.35322
            ],
            [
                18.05365,
                59.35342
            ],
            [
                18.05357,
                59.35352
            ]
        ],
        [
            [
                18.05357,
                59.35352
            ],
            [
                18.05365,
                59.35342
            ],
            [
                18.05384,
                59.35322
            ],
            [
                18.05454,
                59.35269
            ],
            [
                18.05509,
                59.35235
            ],
            [
                18.05531,
                59.35223
            ],
            [
                18.05577,
                59.35204
            ],
            [
                18.05551,
                59.35194
            ],
            [
                18.05493,
                59.35175
            ],
            [
                18.05475,
                59.35171
            ],
            [
                18.05439,
                59.35214
            ],
            [
                18.05438,
                59.35234
            ],
            [
                18.05405,
                59.35261
            ],
            [
                18.05336,
                59.35309
            ],
            [
                18.05308,
                59.35339
            ],
            [
                18.05279,
                59.35381
            ],
            [
                18.05219,
                59.35372
            ],
            [
                18.05184,
                59.35372
            ],
            [
                18.05117,
                59.35376
            ]
        ],
        [
            [
                18.05117,
                59.35376
            ],
            [
                18.05184,
                59.35372
            ],
            [
                18.05219,
                59.35372
            ],
            [
                18.05224,
                59.35373
            ]
        ]
    ],
    "trips_encoded": [
        "oydmByogiJmBOy@rAw@z@iC~AaAt@Af@gAtAc@GsBe@s@SzAe@j@WlBcAjCiBd@g@NS",
        "yaemBongiJORe@f@kChBmBbAk@V{Ad@r@RrBd@b@FfAuA@g@`Au@hC_Bv@{@x@sAvBPdA?dCG",
        "yrdmB_pgiJeCFeA?IA"
    ],
    "time_distance": [
        [
            {
                "distance": 32.5,
                "duration": 5.3
            },
            {
                "distance": 261.4,
                "duration": 42.8
            },
            {
                "distance": 68.9,
                "duration": 11.3
            },
            {
                "distance": 209,
                "duration": 34.2
            },
            {
                "distance": 0,
                "duration": 0
            }
        ],
        [
            {
                "distance": 209,
                "duration": 34.2
            },
            {
                "distance": 68.9,
                "duration": 11.3
            },
            {
                "distance": 261.4,
                "duration": 42.8
            },
            {
                "distance": 93.7,
                "duration": 15.3
            },
            {
                "distance": 0,
                "duration": 0
            }
        ],
        [
            {
                "distance": 61.1,
                "duration": 10
            },
            {
                "distance": 0,
                "duration": 0
            }
        ]
    ]
}