{
    "city": 1,
    "initialStart": [
        18.05267,
        59.34341
    ],
    "trips": [
        [
            [
                18.05267,
                59.34341
            ],
            [
                18.0532,
                59.34354
            ],
            [
                18.05329,
                59.34356
            ],
            [
                18.05323,
                59.34365
            ],
            [
                18.05273,
                59.34417
            ],
            [
                18.05257,
                59.34415
            ],
            [
                18.05193,
                59.34399
            ],
            [
                18.05046,
                59.34361
            ],
            [
                18.05038,
                59.34359
            ],
            [
                18.05034,
                59.34363
            ],
            [
                18.04976,
                59.34422
            ],
            [
                18.04981,
                59.34423
            ],
            [
                18.05016,
                59.34432
            ],
            [
                18.0502,
                59.34431
            ],
            [
                18.05035,
                59.34434
            ]
        ],
        [
            [
                18.05035,
                59.34434
            ],
            [
                18.0502,
                59.34431
            ],
            [
                18.05016,
                59.34432
            ],
            [
                18.04981,
                59.34423
            ],
            [
                18.04976,
                59.34422
            ],
            [
                18.04971,
                59.3442
            ],
            [
                18.05028,
                59.34361
            ],
            [
                18.05035,
                59.34355
            ],
            [
                18.0504,
                59.34356
            ],
            [
                18.05048,
                59.34358
            ],
            [
                18.05195,
                59.34397
            ],
            [
                18.05202,
                59.34398
            ],
            [
                18.05259,
                59.34413
            ],
            [
                18.05273,
                59.34417
            ],
            [
                18.05323,
                59.34365
            ],
            [
                18.05329,
                59.34356
            ],
            [
                18.0532,
                59.34354
            ],
            [
                18.05267,
                59.34341
            ]
        ],
        [
            [
                18.05267,
                59.34341
            ],
            [
                18.0532,
                59.34354
            ],
            [
                18.05329,
                59.34356
            ],
            [
                18.05323,
                59.34365
            ],
            [
                18.05273,
                59.34417
            ],
            [
                18.05267,
                59.34424
            ],
            [
                18.05191,
                59.34507
            ],
            [
                18.05184,
                59.34514
            ],
            [
                18.05125,
                59.34578
            ],
            [
                18.05119,
                59.34585
            ],
            [
                18.05137,
                59.3459
            ],
            [
                18.05156,
                59.34595
            ],
            [
                18.05172,
                59.34599
            ],
            [
                18.05178,
                59.34593
            ],
            [
                18.05179,
                59.34592
            ],
            [
                18.05181,
                59.3459
            ]
        ]
    ],
    "trips_encoded": [
        "e|dmBioeiJiBYQCJQbBgB^B~B^dHjANBFGrBuBIAeAQG@]E",
        "umdmBcueiJ\\DFAdAPH@HBqBtBMJIAOCeHmAMAqB][GcBfBKPPBhBX",
        "e|dmBioeiJiBYQCJQbBgBJMvCeDLMtB_CJMc@Ie@I_@GKJA@CB"
    ]
}