{
    "city": 1,
    "initialStart": [
        18.07940884130273,
        59.31370227244239
    ],
    "trips": [
        [
            [
                18.07945,
                59.31363
            ],
            [
                18.08023,
                59.31374
            ],
            [
                18.0804,
                59.31373
            ],
            [
                18.082,
                59.31395
            ],
            [
                18.08194,
                59.31405
            ],
            [
                18.08172,
                59.31448
            ],
            [
                18.08169,
                59.31453
            ],
            [
                18.08165,
                59.3146
            ],
            [
                18.08154,
                59.31458
            ],
            [
                18.08143,
                59.31478
            ]
        ],
        [
            [
                18.08143,
                59.31478
            ],
            [
                18.08154,
                59.31458
            ],
            [
                18.08157,
                59.31451
            ],
            [
                18.08008,
                59.31432
            ],
            [
                18.08025,
                59.31401
            ],
            [
                18.0804,
                59.31373
            ],
            [
                18.08023,
                59.31374
            ],
            [
                18.07945,
                59.31363
            ]
        ],
        [
            [
                18.07945,
                59.31363
            ],
            [
                18.08023,
                59.31374
            ],
            [
                18.0804,
                59.31373
            ],
            [
                18.08072,
                59.3131
            ],
            [
                18.08104,
                59.31247
            ],
            [
                18.08096,
                59.31246
            ],
            [
                18.07936,
                59.31224
            ]
        ]
    ],
    "trips_encoded": [
        "qcjmBeu_iJ{CUa@@_Ik@JSj@uADIFMTBTg@",
        "}ojmBk|_iJUf@ELhHd@a@|@]v@`@AzCT",
        "qcjmBeu_iJ{CUa@@_A|B_A|BN@~Hj@"
    ]
}