{
    "city": 1,
    "initialStart": [
        17.98894937603842,
        59.38804801573411
    ],
    "trips": [
        [
            [
                17.98973,
                59.38726
            ],
            [
                17.99016,
                59.38727
            ],
            [
                17.99055,
                59.38739
            ],
            [
                17.99047,
                59.38754
            ],
            [
                17.99051,
                59.38759
            ],
            [
                17.99156,
                59.38804
            ],
            [
                17.99164,
                59.38814
            ],
            [
                17.99179,
                59.38819
            ],
            [
                17.99231,
                59.38803
            ],
            [
                17.99264,
                59.38798
            ],
            [
                17.99321,
                59.38794
            ],
            [
                17.99359,
                59.38794
            ],
            [
                17.99403,
                59.38802
            ],
            [
                17.99439,
                59.38812
            ],
            [
                17.99496,
                59.38818
            ],
            [
                17.99532,
                59.38824
            ],
            [
                17.99545,
                59.38823
            ],
            [
                17.99608,
                59.38814
            ],
            [
                17.99727,
                59.38779
            ],
            [
                17.99741,
                59.38775
            ],
            [
                17.99775,
                59.38758
            ],
            [
                17.99777,
                59.38744
            ],
            [
                17.99777,
                59.38735
            ],
            [
                17.99774,
                59.3873
            ],
            [
                17.99792,
                59.38481
            ],
            [
                17.99795,
                59.38435
            ],
            [
                17.99777,
                59.38432
            ],
            [
                17.99759,
                59.38426
            ],
            [
                17.99748,
                59.3842
            ],
            [
                17.99712,
                59.38407
            ],
            [
                17.99644,
                59.38382
            ],
            [
                17.99614,
                59.38374
            ],
            [
                17.9959,
                59.38372
            ],
            [
                17.99556,
                59.38373
            ],
            [
                17.99552,
                59.38371
            ],
            [
                17.99558,
                59.38369
            ],
            [
                17.99553,
                59.38367
            ],
            [
                17.99492,
                59.38395
            ],
            [
                17.99439,
                59.38408
            ],
            [
                17.99304,
                59.38435
            ],
            [
                17.99178,
                59.38416
            ],
            [
                17.99081,
                59.3843
            ],
            [
                17.99035,
                59.38443
            ],
            [
                17.98888,
                59.38487
            ],
            [
                17.98681,
                59.38543
            ],
            [
                17.98578,
                59.38577
            ],
            [
                17.98567,
                59.38581
            ],
            [
                17.98576,
                59.38591
            ],
            [
                17.986,
                59.38584
            ],
            [
                17.98685,
                59.38555
            ],
            [
                17.98782,
                59.38528
            ],
            [
                17.98877,
                59.38502
            ],
            [
                17.98912,
                59.38535
            ],
            [
                17.98925,
                59.38574
            ],
            [
                17.98927,
                59.38587
            ]
        ],
        [
            [
                17.98927,
                59.38587
            ],
            [
                17.9893,
                59.38614
            ],
            [
                17.98958,
                59.38691
            ],
            [
                17.98908,
                59.38701
            ],
            [
                17.98883,
                59.38703
            ]
        ],
        [
            [
                17.98883,
                59.38703
            ],
            [
                17.98855,
                59.38705
            ],
            [
                17.98834,
                59.3863
            ],
            [
                17.98834,
                59.38586
            ],
            [
                17.98799,
                59.38548
            ],
            [
                17.98782,
                59.38528
            ],
            [
                17.98685,
                59.38555
            ],
            [
                17.986,
                59.38584
            ],
            [
                17.98576,
                59.38591
            ],
            [
                17.98567,
                59.38581
            ],
            [
                17.98578,
                59.38577
            ],
            [
                17.98681,
                59.38543
            ],
            [
                17.98888,
                59.38487
            ],
            [
                17.99035,
                59.38443
            ],
            [
                17.99081,
                59.3843
            ],
            [
                17.99178,
                59.38416
            ],
            [
                17.99304,
                59.38435
            ],
            [
                17.99439,
                59.38408
            ],
            [
                17.99492,
                59.38395
            ],
            [
                17.99553,
                59.38367
            ],
            [
                17.99558,
                59.38369
            ],
            [
                17.99552,
                59.38371
            ],
            [
                17.99556,
                59.38373
            ],
            [
                17.9959,
                59.38372
            ],
            [
                17.99614,
                59.38374
            ],
            [
                17.99644,
                59.38382
            ],
            [
                17.99712,
                59.38407
            ],
            [
                17.99748,
                59.3842
            ],
            [
                17.99759,
                59.38426
            ],
            [
                17.99777,
                59.38432
            ],
            [
                17.99795,
                59.38435
            ],
            [
                17.99792,
                59.38481
            ],
            [
                17.99774,
                59.3873
            ],
            [
                17.99777,
                59.38735
            ],
            [
                17.99777,
                59.38744
            ],
            [
                17.99775,
                59.38758
            ],
            [
                17.99741,
                59.38775
            ],
            [
                17.99727,
                59.38779
            ],
