{
    "city": 1,
    "initialStart": [
        18.08745747716012,
        59.323215741327296
    ],
    "trips": [
        [
            [
                18.08786,
                59.32316
            ],
            [
                18.08787,
                59.32319
            ],
            [
                18.08802,
                59.32335
            ],
            [
                18.08778,
                59.32359
            ],
            [
                18.08758,
                59.32378
            ],
            [
                18.08754,
                59.32382
            ],
            [
                18.08744,
                59.32392
            ],
            [
                18.0873,
                59.32401
            ],
            [
                18.08723,
                59.32407
            ],
            [
                18.08672,
                59.32454
            ],
            [
                18.08663,
                59.32482
            ],
            [
                18.0861,
                59.32478
            ],
            [
                18.08609,
                59.32483
            ],
            [
                18.08604,
                59.32486
            ],
            [
                18.08561,
                59.32492
            ]
        ],
        [
            [
                18.08561,
                59.32492
            ],
            [
                18.08559,
                59.32492
            ],
            [
                18.0853,
                59.32477
            ],
            [
                18.08529,
                59.32472
            ],
            [
                18.08473,
                59.32467
            ],
            [
                18.08474,
                59.32454
            ],
            [
                18.08486,
                59.32443
            ],
            [
                18.08493,
                59.3244
            ],
            [
                18.08505,
                59.3244
            ],
            [
                18.0855,
                59.32443
            ],
            [
                18.0858,
                59.32445
            ],
            [
                18.08672,
                59.32454
            ],
            [
                18.08723,
                59.32407
            ],
            [
                18.0873,
                59.32401
            ],
            [
                18.08744,
                59.32392
            ],
            [
                18.08754,
                59.32382
            ],
            [
                18.08758,
                59.32378
            ],
            [
                18.08778,
                59.32359
            ],
            [
                18.08802,
                59.32335
            ],
            [
                18.08787,
                59.32319
            ],
            [
                18.08786,
                59.32316
            ]
        ],
        [
            [
                18.08786,
                59.32316
            ],
            [
                18.08782,
                59.32309
            ],
            [
                18.08788,
                59.32277
            ],
            [
                18.08797,
                59.32255
            ],
            [
                18.08807,
                59.32241
            ],
            [
                18.08834,
                59.32224
            ],
            [
                18.08836,
                59.32222
            ]
        ]
    ],
    "trips_encoded": [
        "cxkmBwpaiJAE]_@n@o@f@e@FGRSZQLKdB}APw@hBF@IHEtAK",
        "ajkmBw{aiJB?x@\\@HnBHAXWTMDW?yAE{@CwDQeB|AMJ[PSRGFg@d@o@n@\\^@D",
        "cxkmBwpaiJFLK~@Qj@SZu@`@CB"
    ]
}