{
    "city": 1,
    "initialStart": [
        18.00082,
        59.36716
    ],
    "trips": [
        [
            [
                18.00082,
                59.36716
            ],
            [
                18.00072,
                59.36727
            ],
            [
                18.00071,
                59.36734
            ],
            [
                18.0011,
                59.36748
            ],
            [
                18.00114,
                59.36755
            ]
        ],
        [
            [
                18.00114,
                59.36755
            ],
            [
                18.0011,
                59.36748
            ],
            [
                18.00071,
                59.36734
            ],
            [
                18.00072,
                59.36727
            ],
            [
                18.00082,
                59.36716
            ]
        ],
        [
            [
                18.00082,
                59.36716
            ],
            [
                18.0008,
                59.36694
            ],
            [
                18.00081,
                59.36679
            ],
            [
                18.00087,
                59.36667
            ],
            [
                18.00105,
                59.36645
            ],
            [
                18.00126,
                59.36649
            ],
            [
                18.00129,
                59.36645
            ],
            [
                18.00137,
                59.36635
            ],
            [
                18.00165,
                59.3664
            ],
            [
                18.00171,
                59.36633
            ],
            [
                18.00225,
                59.366
            ],
            [
                18.00325,
                59.3654
            ],
            [
                18.00275,
                59.3652
            ]
        ]
    ],
    "trips_encoded": [
        "cxzlBwcjiJRU@MmA[GM",
        "czzlBefjiJFLlAZALST",
        "cxzlBwcjiJBj@A\\KVc@j@i@GEFORw@IKLkB`AgEvBbBf@"
    ]
}