{
    "city": 1,
    "initialStart": [
        18.090573652048082,
        59.335633616585966
    ],
    "trips": [
        [
            [
                18.09081,
                59.33567
            ],
            [
                18.09066,
                59.33596
            ],
            [
                18.09062,
                59.33604
            ],
            [
                18.09068,
                59.33605
            ],
            [
                18.09075,
                59.33606
            ],
            [
                18.09081,
                59.33607
            ],
            [
                18.0909,
                59.33608
            ],
            [
                18.09098,
                59.33609
            ],
            [
                18.09105,
                59.3361
            ],
            [
                18.09113,
                59.33611
            ],
            [
                18.0912,
                59.33612
            ],
            [
                18.09127,
                59.33613
            ],
            [
                18.09135,
                59.33615
            ],
            [
                18.09112,
                59.33655
            ]
        ],
        [
            [
                18.09112,
                59.33655
            ],
            [
                18.0908,
                59.33711
            ],
            [
                18.0907,
                59.33709
            ],
            [
                18.09066,
                59.33717
            ],
            [
                18.09074,
                59.33719
            ],
            [
                18.09103,
                59.33734
            ],
            [
                18.09113,
                59.33746
            ],
            [
                18.09102,
                59.33748
            ],
            [
                18.09079,
                59.33753
            ],
            [
                18.09048,
                59.33759
            ],
            [
                18.0905,
                59.33767
            ]
        ],
        [
            [
                18.0905,
                59.33767
            ],
            [
                18.09048,
                59.33759
            ],
            [
                18.09034,
                59.3375
            ],
            [
                18.09019,
                59.33746
            ],
            [
                18.09001,
                59.33746
            ],
            [
                18.09,
                59.33726
            ],
            [
                18.08999,
                59.33715
            ],
            [
                18.08999,
                59.33709
            ],
            [
                18.09009,
                59.33709
            ],
            [
                18.09012,
                59.33701
            ],
            [
                18.09019,
                59.33689
            ],
            [
                18.09068,
                59.33605
            ],
            [
                18.09072,
                59.33597
            ],
            [
                18.09066,
                59.33596
            ],
            [
                18.09081,
                59.33567
            ]
        ]
    ],
    "trips_encoded": [
        "qjlmB}~ciJ\\y@FOKAMAKAQAOAMAOAMAMAOCl@oA",
        "ollmBmddiJ~@oBRBFOOCy@]SWTCl@I|@KCO",
        "shlmBmkdiJBNZP\\Fb@?@f@@T?JS?ENMVaBfDGNJ@]x@"
    ],
    "time_distance": [
        [
            {
                "distance": 42.4,
                "duration": 19.1
            },
            {
                "distance": 43.4,
                "duration": 19.5
            },
            {
                "distance": 46.4,
                "duration": 20.9
            },
            {
                "distance": 0,
                "duration": 0
            }
        ],
        [
            {
                "distance": 64.9,
                "duration": 29.2
            },
            {
                "distance": 6.1,
                "duration": 2.7
            },
            {
                "distance": 8.5,
                "duration": 1.4
            },
            {
                "distance": 82.3,
                "duration": 24.7
            },
            {
                "distance": 8.6,
                "duration": 3.9
            },
            {
                "distance": 0,
                "duration": 0
            }
        ],
        [
            {
                "distance": 41.8,
                "duration": 18.8
            },
            {
                "distance": 40.3,
                "duration": 18.1
            },
            {
                "distance": 135.6,
                "duration": 22.2
            },
            {
                "distance": 3.9,
                "duration": 0.6
            },
            {
                "distance": 34.1,
                "duration": 15.3
            },
            {
                "distance": 0,
                "duration": 0
            }
        ]
    ]
}