{
    "city": 1,
    "initialStart": [
        17.98842913485562,
        59.378379011799254
    ],
    "trips": [
        [
            [
                17.98814,
                59.37841
            ],
            [
                17.98802,
                59.37807
            ],
            [
                17.98853,
                59.37801
            ]
        ],
        [
            [
                17.98853,
                59.37801
            ],
            [
                17.98802,
                59.37807
            ],
            [
                17.98814,
                59.37841
            ]
        ],
        [
            [
                17.98814,
                59.37841
            ],
            [
                17.98816,
                59.37848
            ],
            [
                17.98816,
                59.37873
            ],
            [
                17.98821,
                59.37894
            ],
            [
                17.98927,
                59.37892
            ],
            [
                17.99013,
                59.37892
            ],
            [
                17.99019,
                59.37899
            ],
            [
                17.99028,
                59.37901
            ],
            [
                17.99128,
                59.379
            ],
            [
                17.99129,
                59.37906
            ],
            [
                17.99134,
                59.3793
            ],
            [
                17.99136,
                59.37935
            ],
            [
                17.99128,
                59.37937
            ],
            [
                17.99108,
                59.37937
            ],
            [
                17.991,
                59.37938
            ],
            [
                17.99081,
                59.37938
            ],
            [
                17.99062,
                59.3794
            ],
            [
                17.99014,
                59.37936
            ],
            [
                17.98938,
                59.37937
            ],
            [
                17.989,
                59.37951
            ],
            [
                17.98896,
                59.37962
            ],
            [
                17.98845,
                59.37961
            ],
            [
                17.98729,
                59.37963
            ],
            [
                17.98706,
                59.37971
            ],
            [
                17.98696,
                59.37983
            ],
            [
                17.9868,
                59.37983
            ],
            [
                17.98636,
                59.37996
            ],
            [
                17.98617,
                59.38001
            ]
        ]
    ],
    "trips_encoded": [
        "{hxlBajliJVbAeBJ",
        "ikxlBqgliJdBKWcA",
        "{hxlBajliJCM?q@Ii@sEBkD?KMQCgE@AKIo@CINCf@?NAd@?d@C~AFvCAjA[FUdB@fFCl@ORW^?vAYd@I"
    ]
}