{
    "city": 1,
    "initialStart": [
        18.07458333029719,
        59.354737133303125
    ],
    "trips": [
        [
            [
                18.07446,
                59.35369
            ],
            [
                18.0747,
                59.35367
            ],
            [
                18.07494,
                59.35363
            ],
            [
                18.07525,
                59.35362
            ]
        ],
        [
            [
                18.07525,
                59.35362
            ],
            [
                18.07494,
                59.35363
            ],
            [
                18.0747,
                59.35367
            ],
            [
                18.07446,
                59.35369
            ],
            [
                18.07364,
                59.35363
            ],
            [
                18.07324,
                59.35352
            ],
            [
                18.07288,
                59.3535
            ],
            [
                18.07221,
                59.35364
            ],
            [
                18.07191,
                59.35373
            ],
            [
                18.07167,
                59.35374
            ],
            [
                18.07072,
                59.35383
            ],
            [
                18.07035,
                59.35383
            ],
            [
                18.07,
                59.35407
            ],
            [
                18.06994,
                59.35419
            ],
            [
                18.06997,
                59.3544
            ],
            [
                18.06997,
                59.35444
            ],
            [
                18.06989,
                59.35452
            ],
            [
                18.0697,
                59.35459
            ],
            [
                18.06697,
                59.3554
            ],
            [
                18.06651,
                59.35575
            ],
            [
                18.06616,
                59.35612
            ],
            [
                18.06624,
                59.35619
            ],
            [
                18.06631,
                59.35623
            ],
            [
                18.06654,
                59.35623
            ],
            [
                18.06785,
                59.35617
            ],
            [
                18.06952,
                59.35599
            ],
            [
                18.07149,
                59.35574
            ],
            [
                18.07201,
                59.35572
            ],
            [
                18.07253,
                59.35574
            ],
            [
                18.07377,
                59.35587
            ],
            [
                18.07482,
                59.35602
            ],
            [
                18.07488,
                59.35603
            ]
        ],
        [
            [
                18.07488,
                59.35603
            ],
            [
                18.07482,
                59.35602
            ],
            [
                18.07377,
                59.35587
            ],
            [
                18.07253,
                59.35574
            ],
            [
                18.07201,
                59.35572
            ],
            [
                18.07149,
                59.35574
            ],
            [
                18.06952,
                59.35599
            ],
            [
                18.06785,
                59.35617
            ],
            [
                18.06654,
                59.35623
            ],
            [
                18.06631,
                59.35623
            ],
            [
                18.06624,
                59.35619
            ],
            [
                18.06616,
                59.35612
            ],
            [
                18.06651,
                59.35575
            ],
            [
                18.06697,
                59.3554
            ],
            [
                18.0697,
                59.35459
            ],
            [
                18.06989,
                59.35452
            ],
            [
                18.06997,
                59.35444
            ],
            [
                18.06997,
                59.3544
            ],
            [
                18.06994,
                59.35419
            ],
            [
                18.07,
                59.35407
            ],
            [
                18.07035,
                59.35383
            ],
            [
                18.07072,
                59.35383
            ],
            [
                18.07167,
                59.35374
            ],
            [
                18.07191,
                59.35373
            ],
            [
                18.07221,
                59.35364
            ],
            [
                18.07288,
                59.3535
            ],
            [
                18.07324,
                59.35352
            ],
            [
                18.07364,
                59.35363
            ],
            [
                18.07446,
                59.35369
            ]
        ]
    ],
    "trips_encoded": [
        "kdimBqogiJo@Bo@F}@@",
        "iiimBcogiJ|@An@Gn@CbDJnATfABdC[z@Qn@A|DQhA?dAo@JWEi@?GNOd@M`PaDzAeAdAiAOMMGm@?eGJmIb@iKp@gBBgBCwFYqE]KA",
        "_gimBe~giJJ@pE\\vFXfBBfBChKq@lIc@dGKl@?LFNLeAhA{AdAaP`De@LON?FDh@KVeAn@iA?}DPo@@{@PeCZgACoAUcDK"
    ],
    "time_distance": [
        [
            {
                "distance": 45.9,
                "duration": 11.8
            },
            {
                "distance": 0,
                "duration": 0
            }
        ],
        [
            {
                "distance": 290.4,
                "duration": 74.7
            },
            {
                "distance": 369.7,
                "duration": 60.5
            },
            {
                "distance": 14.8,
                "duration": 2.4
            },
            {
                "distance": 496.7,
                "duration": 81.3
            },
            {
                "distance": 0,
                "duration": 0
            }
        ],
        [
            {
                "distance": 496.7,
                "duration": 81.3
            },
            {
                "distance": 14.8,
                "duration": 2.4
            },
            {
                "distance": 369.7,
                "duration": 60.5
            },
            {
                "distance": 244.4,
                "duration": 62.9
            },
            {
                "distance": 0,
                "duration": 0
            }
        ]
    ]
}