{
    "city": 1,
    "initialStart": [
        18.03773,
        59.33895
    ],
    "trips": [
        [
            [
                18.03773,
                59.33895
            ],
            [
                18.03771,
                59.33892
            ],
            [
                18.03763,
                59.33887
            ],
            [
                18.03741,
                59.33853
            ],
            [
                18.03733,
                59.33854
            ],
            [
                18.0373,
                59.33849
            ],
            [
                18.03726,
                59.33843
            ],
            [
                18.03689,
                59.33785
            ],
            [
                18.0369,
                59.33778
            ],
            [
                18.0364,
                59.33778
            ],
            [
                18.03607,
                59.33784
            ],
            [
                18.0358,
                59.33786
            ],
            [
                18.03557,
                59.33789
            ],
            [
                18.03535,
                59.33794
            ],
            [
                18.03515,
                59.33799
            ],
            [
                18.03486,
                59.33806
            ],
            [
                18.03478,
                59.33809
            ],
            [
                18.0344,
                59.33817
            ],
            [
                18.03433,
                59.33819
            ],
            [
                18.03504,
                59.33907
            ],
            [
                18.0351,
                59.33921
            ],
            [
                18.03517,
                59.33949
            ],
            [
                18.03526,
                59.33965
            ],
            [
                18.03532,
                59.33975
            ],
            [
                18.03456,
                59.33988
            ],
            [
                18.03557,
                59.34133
            ],
            [
                18.03592,
                59.34183
            ]
        ],
        [
            [
                18.03592,
                59.34183
            ],
            [
                18.03557,
                59.34133
            ],
            [
                18.03456,
                59.33988
            ],
            [
                18.03532,
                59.33975
            ],
            [
                18.03526,
                59.33965
            ],
            [
                18.03517,
                59.33949
            ],
            [
                18.0351,
                59.33921
            ],
            [
                18.03504,
                59.33907
            ],
            [
                18.03433,
                59.33819
            ],
            [
                18.0344,
                59.33817
            ],
            [
                18.03478,
                59.33809
            ],
            [
                18.03486,
                59.33806
            ],
            [
                18.03515,
                59.33799
            ],
            [
                18.03535,
                59.33794
            ],
            [
                18.03557,
                59.33789
            ],
            [
                18.0358,
                59.33786
            ],
            [
                18.03607,
                59.33784
            ],
            [
                18.0364,
                59.33778
            ],
            [
                18.0369,
                59.33778
            ],
            [
                18.03689,
                59.33785
            ],
            [
                18.03726,
                59.33843
            ],
            [
                18.0373,
                59.33849
            ],
            [
                18.03733,
                59.33854
            ],
            [
                18.03741,
                59.33853
            ],
            [
                18.03763,
                59.33887
            ],
            [
                18.03771,
                59.33892
            ],
            [
                18.03773,
                59.33895
            ]
        ],
        [
            [
                18.03773,
                59.33895
            ],
            [
                18.03771,
                59.33892
            ],
            [
                18.03763,
                59.33887
            ],
            [
                18.03741,
                59.33853
            ],
            [
                18.03743,
                59.33851
            ],
            [
                18.03741,
                59.33847
            ],
            [
                18.03841,
                59.33829
            ],
            [
                18.03853,
                59.33828
            ],
            [
                18.03861,
                59.33826
            ],
            [
                18.04009,
                59.338
            ],
            [
                18.04032,
                59.33798
            ],
            [
                18.04049,
                59.33806
            ],
            [
                18.0406,
                59.33811
            ],
            [
                18.0407,
                59.33816
            ],
            [
                18.04052,
                59.33827
            ],
            [
                18.04063,
                59.33831
            ],
            [
                18.04027,
                59.33862
            ],
            [
                18.03982,
                59.33911
            ],
            [
                18.03974,
                59.3392
            ],
            [
                18.03968,
                59.33927
            ],
            [
                18.03964,
                59.33937
            ],
            [
                18.03938,
                59.33964
            ],
            [
                18.0392,
                59.33977
            ],
            [
                18.03915,
                59.33982
            ],
            [
                18.03908,
                59.3399
            ],
            [
                18.03902,
                59.33996
            ],
            [
                18.03818,
                59.34093
            ],
            [
                18.03801,
                59.34113
            ],
            [
                18.03793,
                59.34121
            ],
            [
                18.0379,
                59.3413
            ],
            [
                18.03791,
                59.34135
            ],
            [
                18.03799,
                59.34146
            ],
            [
                18.03859,
                59.34222
            ],
            [
                18.03871,
                59.3424
            ],
            [
                18.03878,
                59.34251
            ],
            [
                18.03892,
                59.34252
            ],
            [
                18.04032,
                59.34259
            ],
            [
                18.04056,
                59.3426
            ],
            [
                18.04059,
                59.3425
            ],
            [
                18.04082,
                59.34251
            ],
            [
                18.04081,
                59.34244
            ],
            [
                18.04119,
                59.34206
            ]
        ]
    ],