{
    "city": 1,
    "initialStart": [
        18.07884,
        59.32755
    ],
    "trips": [
        [
            [
                18.07884,
                59.32755
            ],
            [
                18.0782,
                59.32793
            ],
            [
                18.07814,
                59.32796
            ],
            [
                18.07807,
                59.32795
            ],
            [
                18.0776,
                59.32825
            ],
            [
                18.07666,
                59.32886
            ],
            [
                18.07654,
                59.32894
            ],
            [
                18.07621,
                59.32912
            ],
            [
                18.07503,
                59.32954
            ],
            [
                18.07474,
                59.32969
            ],
            [
                18.07458,
                59.32974
            ],
            [
                18.07441,
                59.32977
            ],
            [
                18.07425,
                59.32977
            ],
            [
                18.07358,
                59.3297
            ],
            [
                18.07347,
                59.32967
            ],
            [
                18.07329,
                59.32963
            ],
            [
                18.07313,
                59.3296
            ],
            [
                18.07312,
                59.32949
            ],
            [
                18.07312,
                59.32942
            ],
            [
                18.07312,
                59.32935
            ],
            [
                18.07285,
                59.32819
            ],
            [
                18.07283,
                59.32811
            ],
            [
                18.07287,
                59.32808
            ],
            [
                18.07287,
                59.32805
            ],
            [
                18.07287,
                59.32793
            ],
            [
                18.07288,
                59.32789
            ],
            [
                18.07295,
                59.32781
            ],
            [
                18.07425,
                59.32672
            ],
            [
                18.07432,
                59.32666
            ],
            [
                18.07446,
                59.32656
            ],
            [
                18.07477,
                59.32631
            ],
            [
                18.07494,
                59.32614
            ],
            [
                18.07501,
                59.32607
            ],
            [
                18.07522,
                59.32584
            ],
            [
                18.07537,
                59.32569
            ],
            [
                18.07547,
                59.32558
            ],
            [
                18.07552,
                59.32552
            ],
            [
                18.07557,
                59.3253
            ],
            [
                18.0756,
                59.32518
            ],
            [
                18.07562,
                59.325
            ],
            [
                18.0756,
                59.32475
            ],
            [
                18.07553,
                59.32457
            ],
            [
                18.07552,
                59.32447
            ],
            [
                18.07551,
                59.32443
            ],
            [
                18.07562,
                59.32442
            ],
            [
                18.07567,
                59.32441
            ],
            [
                18.07569,
                59.32446
            ],
            [
                18.0758,
                59.32476
            ],
            [
                18.07584,
                59.32504
            ],
            [
                18.07584,
                59.32513
            ],
            [
                18.07588,
                59.32513
            ],
            [
                18.07637,
                59.32515
            ],
            [
                18.07663,
                59.32515
            ],
            [
                18.07666,
                59.32522
            ]
        ],
        [
            [
                18.07666,
                59.32522
            ],
            [
                18.07663,
                59.32515
            ],
            [
                18.07637,
                59.32515
            ],
            [
                18.07588,
                59.32513
            ],
            [
                18.07584,
                59.32513
            ],
            [
                18.07575,
                59.32556
            ],
            [
                18.07568,
                59.32574
            ],
            [
                18.07554,
                59.32594
            ],
            [
                18.07543,
                59.32607
            ],
            [
                18.07532,
                59.32615
            ],
            [
                18.07498,
                59.32641
            ],
            [
                18.07455,
                59.32682
            ],
            [
                18.07325,
                59.32792
            ],
            [
                18.0731,
                59.32811
            ],
            [
                18.07308,
                59.32819
            ],
            [
                18.07336,
                59.32944
            ],
            [
                18.07342,
                59.3295
            ],
            [
                18.07352,
                59.32955
            ],
            [
                18.07363,
                59.32958
            ],
            [
                18.07397,
                59.32967
            ],
            [
                18.07418,
                59.32964
            ],
            [
                18.07451,
                59.32965
            ],
            [
                18.07467,
                59.32964
            ],
            [
                18.07503,
                59.32954
            ],
            [
                18.07621,
                59.32912
            ],
            [
                18.07654,
                59.32894
            ],
            [
                18.07666,
                59.32886
            ],
            [
                18.0776,
                59.32825
            ],
            [
                18.07807,
                59.32795
            ],
            [
                18.07814,
                59.32796
            ],
            [
                18.0782,
                59.32793
            ],
            [
                18.07884,
                59.32755
            ]
        ],
        [
            [
                18.07884,
                59.32755
            ],
            [
                18.0782,
                59.32793
            ],
            [
                18.07814,
                59.32796
            ],
            [
                18.07807,
                59.32795
            ],
            [
                18.0776,
                59.32825
            ],
            [
                18.07666,
                59.32886
            ],
            [
                18.07692,
                59.32901
            ],
            [
                18.07695,
                59.32898
            ],
            [
                18.07687,
                59.32893
            ]
        ]
    ],