{
    "city": 1,
    "initialStart": [
        17.99723,
        59.38077
    ],
    "trips": [
        [
            [
                17.99723,
                59.38077
            ],
            [
                17.99683,
                59.38065
            ],
            [
                17.99692,
                59.38063
            ],
            [
                17.99674,
                59.38055
            ],
            [
                17.99653,
                59.3804
            ],
            [
                17.99636,
                59.38025
            ],
            [
                17.99631,
                59.38018
            ],
            [
                17.99626,
                59.3801
            ],
            [
                17.99618,
                59.37986
            ],
            [
                17.99617,
                59.37971
            ]
        ],
        [
            [
                17.99617,
                59.37971
            ],
            [
                17.99618,
                59.37986
            ],
            [
                17.99626,
                59.3801
            ],
            [
                17.99631,
                59.38018
            ],
            [
                17.99636,
                59.38025
            ],
            [
                17.99653,
                59.3804
            ],
            [
                17.99674,
                59.38055
            ],
            [
                17.99692,
                59.38063
            ],
            [
                17.99683,
                59.38065
            ],
            [
                17.99723,
                59.38077
            ]
        ],
        [
            [
                17.99723,
                59.38077
            ],
            [
                17.99683,
                59.38065
            ],
            [
                17.99692,
                59.38063
            ],
            [
                17.99707,
                59.38068
            ],
            [
                17.99764,
                59.38079
            ],
            [
                17.99786,
                59.38081
            ],
            [
                17.99827,
                59.38079
            ],
            [
                17.99877,
                59.3813
            ],
            [
                17.9989,
                59.38145
            ],
            [
                17.99894,
                59.38158
            ],
            [
                17.99892,
                59.38168
            ],
            [
                17.99886,
                59.38176
            ],
            [
                17.99849,
                59.38211
            ],
            [
                17.99838,
                59.38218
            ],
            [
                17.99821,
                59.38221
            ],
            [
                17.99823,
                59.38228
            ],
            [
                17.99819,
                59.38237
            ],
            [
                17.99783,
                59.38269
            ],
            [
                17.99758,
                59.38283
            ]
        ]
    ],
    "trips_encoded": [
        "uazlByxliJnAVQBb@Nh@\\`@\\HLHNNn@@\\",
        "a{ylBerliJA]Oo@IOIMa@]i@]c@OPCoAW",
        "uazlByxliJnAVQB]IqBUk@CqABcBeBY]GYBSJOhAeATM`@ECMFQfA_Ap@["
    ]
}