{
    "city": 1,
    "initialStart": [
        18.09774717518849,
        59.337478485737684
    ],
    "trips": [
        [
            [
                18.09777,
                59.33754
            ],
            [
                18.09776,
                59.33754
            ],
            [
                18.09762,
                59.3376
            ],
            [
                18.09748,
                59.33774
            ],
            [
                18.09716,
                59.33783
            ],
            [
                18.09705,
                59.33787
            ],
            [
                18.09692,
                59.33787
            ],
            [
                18.09643,
                59.33798
            ],
            [
                18.09564,
                59.33813
            ],
            [
                18.09558,
                59.33806
            ],
            [
                18.09518,
                59.33758
            ],
            [
                18.09463,
                59.33695
            ],
            [
                18.09455,
                59.33688
            ],
            [
                18.09446,
                59.33677
            ],
            [
                18.09436,
                59.33667
            ],
            [
                18.09456,
                59.33663
            ],
            [
                18.09623,
                59.33629
            ],
            [
                18.09727,
                59.33607
            ],
            [
                18.09738,
                59.33605
            ],
            [
                18.09918,
                59.33567
            ],
            [
                18.09932,
                59.33564
            ],
            [
                18.09941,
                59.33575
            ],
            [
                18.09951,
                59.33587
            ],
            [
                18.09936,
                59.3359
            ],
            [
                18.09938,
                59.33592
            ]
        ],
        [
            [
                18.09938,
                59.33592
            ],
            [
                18.09936,
                59.3359
            ],
            [
                18.09755,
                59.33627
            ],
            [
                18.09745,
                59.33629
            ],
            [
                18.0964,
                59.33651
            ],
            [
                18.09476,
                59.33684
            ],
            [
                18.09455,
                59.33688
            ],
            [
                18.09463,
                59.33695
            ],
            [
                18.09518,
                59.33758
            ],
            [
                18.09558,
                59.33806
            ],
            [
                18.09564,
                59.33813
            ],
            [
                18.09643,
                59.33798
            ],
            [
                18.09692,
                59.33787
            ],
            [
                18.09705,
                59.33787
            ],
            [
                18.09716,
                59.33783
            ],
            [
                18.09748,
                59.33774
            ],
            [
                18.09762,
                59.3376
            ],
            [
                18.09776,
                59.33754
            ],
            [
                18.09777,
                59.33754
            ]
        ],
        [
            [
                18.09777,
                59.33754
            ],
            [
                18.09776,
                59.33754
            ],
            [
                18.09762,
                59.3376
            ],
            [
                18.09748,
                59.33774
            ],
            [
                18.09716,
                59.33783
            ],
            [
                18.09705,
                59.33787
            ],
            [
                18.09692,
                59.33787
            ],
            [
                18.09643,
                59.33798
            ],
            [
                18.09564,
                59.33813
            ],
            [
                18.0957,
                59.3382
            ],
            [
                18.09642,
                59.33909
            ],
            [
                18.09627,
                59.33912
            ],
            [
                18.09626,
                59.33915
            ],
            [
                18.09615,
                59.33917
            ]
        ]
    ],
    "trips_encoded": [
        "avmmBsjdiJ@?ZKZ[~@QTGX?`BU|C]JLnA~AlB|BNLPTRRg@FmIbAoEj@UBgJjA[DQUSW\\ECC",
        "c`nmBo`diJBBhJiARCpEk@fIaAh@GOMmB}BoA_BKM}C\\aBTY?UF_AP[Z[JA?",
        "avmmBsjdiJ@?ZKZ[~@QTGX?`BU|C]KMoCqD\\E@ETC"
    ]
}