{
    "city": 1,
    "initialStart": [
        18.09746,
        59.34464
    ],
    "trips": [
        [
            [
                18.09746,
                59.34464
            ],
            [
                18.0972,
                59.34437
            ],
            [
                18.0977,
                59.34425
            ],
            [
                18.0988,
                59.34399
            ],
            [
                18.09939,
                59.34386
            ],
            [
                18.09983,
                59.34377
            ],
            [
                18.09997,
                59.34375
            ],
            [
                18.10009,
                59.34375
            ],
            [
                18.10014,
                59.34378
            ],
            [
                18.10069,
                59.34416
            ],
            [
                18.10081,
                59.34424
            ],
            [
                18.10159,
                59.34476
            ],
            [
                18.1018,
                59.34501
            ],
            [
                18.10193,
                59.34548
            ],
            [
                18.10204,
                59.34589
            ],
            [
                18.10213,
                59.34639
            ],
            [
                18.10216,
                59.34656
            ],
            [
                18.10219,
                59.34673
            ],
            [
                18.10225,
                59.34703
            ],
            [
                18.10228,
                59.34722
            ],
            [
                18.10239,
                59.34772
            ],
            [
                18.10228,
                59.34773
            ],
            [
                18.10231,
                59.34788
            ],
            [
                18.10238,
                59.34834
            ],
            [
                18.1023,
                59.34834
            ],
            [
                18.10189,
                59.34838
            ],
            [
                18.10175,
                59.34823
            ],
            [
                18.10158,
                59.34819
            ]
        ],
        [
            [
                18.10158,
                59.34819
            ],
            [
                18.10175,
                59.34823
            ],
            [
                18.10189,
                59.34838
            ],
            [
                18.1023,
                59.34834
            ],
            [
                18.10238,
                59.34834
            ],
            [
                18.10231,
                59.34788
            ],
            [
                18.10228,
                59.34773
            ],
            [
                18.10239,
                59.34772
            ],
            [
                18.10228,
                59.34722
            ],
            [
                18.10225,
                59.34703
            ],
            [
                18.10219,
                59.34673
            ],
            [
                18.10216,
                59.34656
            ],
            [
                18.10213,
                59.34639
            ],
            [
                18.10204,
                59.34589
            ],
            [
                18.10193,
                59.34548
            ],
            [
                18.1018,
                59.34501
            ],
            [
                18.10159,
                59.34476
            ],
            [
                18.10081,
                59.34424
            ],
            [
                18.10069,
                59.34416
            ],
            [
                18.10014,
                59.34378
            ],
            [
                18.10009,
                59.34375
            ],
            [
                18.09997,
                59.34375
            ],
            [
                18.09983,
                59.34377
            ],
            [
                18.09939,
                59.34386
            ],
            [
                18.0988,
                59.34399
            ],
            [
                18.0977,
                59.34425
            ],
            [
                18.0972,
                59.34437
            ],
            [
                18.09746,
                59.34464
            ]
        ],
        [
            [
                18.09746,
                59.34464
            ],
            [
                18.0972,
                59.34437
            ],
            [
                18.09656,
                59.34454
            ],
            [
                18.09608,
                59.34468
            ],
            [
                18.09558,
                59.34484
            ],
            [
                18.09529,
                59.34495
            ],
            [
                18.09503,
                59.34505
            ],
            [
                18.09485,
                59.34512
            ],
            [
                18.09456,
                59.34527
            ],
            [
                18.09426,
                59.34546
            ],
            [
                18.09408,
                59.34561
            ],
            [
                18.09372,
                59.34559
            ],
            [
                18.09361,
                59.34559
            ],
            [
                18.09325,
                59.3456
            ],
            [
                18.0932,
                59.34521
            ],
            [
                18.09314,
                59.34504
            ],
            [
                18.09304,
                59.34484
            ],
            [
                18.09299,
                59.34477
            ],
            [
                18.09315,
                59.34474
            ],
            [
                18.09272,
                59.34407
            ],
            [
                18.09265,
                59.34397
            ],
            [
                18.0924,
                59.34357
            ],
            [
                18.09208,
                59.34308
            ],
            [
                18.09194,
                59.3431
            ],
            [
                18.09186,
                59.34312
            ],
            [
                18.09184,
                59.34309
            ],
            [
                18.09177,
                59.34299
            ],
            [
                18.0914,
                59.34306
            ],
            [
                18.09121,
                59.34278
            ]
        ]
    ],
    "trips_encoded": [
        "ctmmB_weiJr@t@cBV{Er@uBXwAP[BW?IEmBkAWO{CgBi@q@Y}AUqAQcBEa@Ea@K{@Ee@UcBTAE]M{AN?pAGZ\\`@F",
        "{mnmBemfiJa@G[]qAFO?LzAD\\U@TbBDd@Jz@D`@D`@PbBTpAX|Ah@p@zCfBVNlBjAHDV?ZCvAQtBYzEs@bBWs@u@",
        "ctmmB_weiJr@t@~Ba@~A[bB_@x@Ur@Sb@Mx@]z@e@b@]fABT?fAAHlAJ`@Rf@HL_@DtAdCLRp@nA~@`BZCNCBDLRhAMd@v@"
    ]
}