{
    "city": 1,
    "initialStart": [
        18.07444,
        59.32129
    ],
    "trips": [
        [
            [
                18.07444,
                59.32129
            ],
            [
                18.07463,
                59.32144
            ],
            [
                18.07475,
                59.32158
            ],
            [
                18.07513,
                59.32217
            ],
            [
                18.075,
                59.32218
            ],
            [
                18.07504,
                59.32231
            ],
            [
                18.07479,
                59.32235
            ],
            [
                18.07474,
                59.32235
            ],
            [
                18.0745,
                59.32239
            ],
            [
                18.07438,
                59.32232
            ],
            [
                18.0743,
                59.32224
            ],
            [
                18.07415,
                59.32206
            ],
            [
                18.07405,
                59.32191
            ],
            [
                18.074,
                59.32184
            ],
            [
                18.07397,
                59.32181
            ],
            [
                18.07395,
                59.32178
            ],
            [
                18.07396,
                59.32175
            ],
            [
                18.07389,
                59.3216
            ],
            [
                18.07291,
                59.32054
            ],
            [
                18.07253,
                59.32041
            ],
            [
                18.07249,
                59.32039
            ],
            [
                18.07246,
                59.32036
            ],
            [
                18.07248,
                59.32033
            ],
            [
                18.07256,
                59.32019
            ],
            [
                18.07256,
                59.32017
            ],
            [
                18.07258,
                59.32014
            ],
            [
                18.07265,
                59.32
            ],
            [
                18.0728,
                59.31965
            ],
            [
                18.07291,
                59.31943
            ],
            [
                18.07304,
                59.31935
            ],
            [
                18.07355,
                59.31922
            ],
            [
                18.07391,
                59.31914
            ],
            [
                18.07492,
                59.31905
            ],
            [
                18.07498,
                59.31898
            ],
            [
                18.07591,
                59.3189
            ],
            [
                18.0778,
                59.31873
            ],
            [
                18.07807,
                59.31869
            ],
            [
                18.07851,
                59.31861
            ],
            [
                18.07902,
                59.3185
            ],
            [
                18.08009,
                59.31825
            ],
            [
                18.08013,
                59.3183
            ],
            [
                18.07903,
                59.31856
            ]
        ],
        [
            [
                18.07903,
                59.31856
            ],
            [
                18.08013,
                59.3183
            ],
            [
                18.08009,
                59.31825
            ],
            [
                18.07902,
                59.3185
            ],
            [
                18.07851,
                59.31861
            ],
            [
                18.07807,
                59.31869
            ],
            [
                18.0778,
                59.31873
            ],
            [
                18.07591,
                59.3189
            ],
            [
                18.07498,
                59.31898
            ],
            [
                18.07492,
                59.31905
            ],
            [
                18.07391,
                59.31914
            ],
            [
                18.07355,
                59.31922
            ],
            [
                18.07304,
                59.31935
            ],
            [
                18.07291,
                59.31943
            ],
            [
                18.0728,
                59.31965
            ],
            [
                18.07265,
                59.32
            ],
            [
                18.07276,
                59.32016
            ],
            [
                18.07285,
                59.32023
            ],
            [
                18.07318,
                59.3203
            ],
            [
                18.07336,
                59.32037
            ],
            [
                18.07342,
                59.32042
            ],
            [
                18.07389,
                59.32096
            ],
            [
                18.07433,
                59.32139
            ],
            [
                18.07446,
                59.32164
            ],
            [
                18.07448,
                59.3217
            ],
            [
                18.07454,
                59.32183
            ],
            [
                18.07479,
                59.32235
            ],
            [
                18.07504,
                59.32231
            ],
            [
                18.075,
                59.32218
            ],
            [
                18.07513,
                59.32217
            ],
            [
                18.07475,
                59.32158
            ],
            [
                18.07463,
                59.32144
            ],
            [
                18.07444,
                59.32129
            ]
        ],
        [
            [
                18.07444,
                59.32129
            ],
            [
                18.07443,
                59.32128
            ],
            [
                18.07371,
                59.32049
            ],
            [
                18.07512,
                59.32015
            ],
            [
                18.07527,
                59.32012
            ],
            [
                18.07701,
                59.3197
            ],
            [
                18.07721,
                59.31963
            ],
            [
                18.07732,
                59.31956
            ],
            [
                18.07736,
                59.31948
            ],
            [
                18.07748,
                59.31941
            ],
            [
                18.07761,
                59.31931
            ],
            [
                18.08027,
                59.31867
            ],
            [
                18.08061,
                59.31857
            ],
            [
                18.08178,
                59.31832
            ],
            [
                18.08256,
                59.3182
            ],
            [
                18.08319,
                59.31813
            ],
            [
                18.08374,
                59.31805
            ],
            [
                18.08375,
                59.31808
            ],
            [
                18.08379,
                59.31815
            ],
            [
                18.0837,
                59.3182
            ],
            [
                18.08351,
                59.31825
            ],
            [
                18.08353,
                59.3183
            ]
        ]
    ],