{
    "city": 1,
    "initialStart": [
        18.01312,
        59.35568
    ],
    "trips": [
        [
            [
                18.01312,
                59.35568
            ],
            [
                18.01369,
                59.35563
            ],
            [
                18.01422,
                59.35554
            ],
            [
                18.01429,
                59.35557
            ],
            [
                18.01467,
                59.35574
            ],
            [
                18.01486,
                59.35575
            ],
            [
                18.01483,
                59.35583
            ],
            [
                18.01494,
                59.35631
            ],
            [
                18.01415,
                59.35636
            ],
            [
                18.0137,
                59.35639
            ],
            [
                18.0135,
                59.35648
            ],
            [
                18.01299,
                59.35755
            ],
            [
                18.01263,
                59.35844
            ],
            [
                18.01233,
                59.35885
            ],
            [
                18.01217,
                59.35931
            ],
            [
                18.01224,
                59.35937
            ],
            [
                18.01231,
                59.35965
            ],
            [
                18.01235,
                59.35971
            ],
            [
                18.01258,
                59.36002
            ],
            [
                18.01259,
                59.36004
            ],
            [
                18.0128,
                59.36031
            ],
            [
                18.01247,
                59.36039
            ],
            [
                18.01222,
                59.36043
            ],
            [
                18.01183,
                59.36046
            ]
        ],
        [
            [
                18.01183,
                59.36046
            ],
            [
                18.01222,
                59.36043
            ],
            [
                18.01247,
                59.36039
            ],
            [
                18.0128,
                59.36031
            ],
            [
                18.01259,
                59.36004
            ],
            [
                18.01258,
                59.36002
            ],
            [
                18.01235,
                59.35971
            ],
            [
                18.01231,
                59.35965
            ],
            [
                18.01224,
                59.35937
            ],
            [
                18.01217,
                59.35931
            ],
            [
                18.01233,
                59.35885
            ],
            [
                18.01263,
                59.35844
            ],
            [
                18.01299,
                59.35755
            ],
            [
                18.0135,
                59.35648
            ],
            [
                18.0137,
                59.35639
            ],
            [
                18.01415,
                59.35636
            ],
            [
                18.01494,
                59.35631
            ],
            [
                18.01483,
                59.35583
            ],
            [
                18.01486,
                59.35575
            ],
            [
                18.01467,
                59.35574
            ],
            [
                18.01429,
                59.35557
            ],
            [
                18.01422,
                59.35554
            ],
            [
                18.01369,
                59.35563
            ],
            [
                18.01312,
                59.35568
            ]
        ],
        [
            [
                18.01312,
                59.35568
            ],
            [
                18.01263,
                59.35572
            ],
            [
                18.01228,
                59.35578
            ],
            [
                18.01173,
                59.35594
            ],
            [
                18.0114,
                59.35607
            ],
            [
                18.01102,
                59.35625
            ],
            [
                18.00883,
                59.35741
            ],
            [
                18.00855,
                59.35752
            ],
            [
                18.00847,
                59.35745
            ],
            [
                18.00831,
                59.35733
            ],
            [
                18.00831,
                59.35723
            ],
            [
                18.00843,
                59.35714
            ],
            [
                18.00855,
                59.35708
            ],
            [
                18.00869,
                59.357
            ],
            [
                18.00881,
                59.35694
            ],
            [
                18.0092,
                59.35678
            ],
            [
                18.00938,
                59.3567
            ],
            [
                18.01054,
                59.35617
            ],
            [
                18.01148,
                59.35572
            ],
            [
                18.01157,
                59.35563
            ],
            [
                18.0119,
                59.35549
            ],
            [
                18.01245,
                59.35534
            ],
            [
                18.01252,
                59.35529
            ],
            [
                18.01253,
                59.35518
            ],
            [
                18.01263,
                59.35502
            ],
            [
                18.01298,
                59.35462
            ],
            [
                18.01305,
                59.35439
            ],
            [
                18.01282,
                59.35438
            ],
            [
                18.01276,
                59.35438
            ],
            [
                18.01268,
                59.35434
            ],
            [
                18.01274,
                59.354
            ],
            [
                18.01263,
                59.3539
            ],
            [
                18.01224,
                59.35372
            ],
            [
                18.01211,
                59.35369
            ],
            [
                18.01199,
                59.35372
            ],
            [
                18.01178,
                59.35388
            ],
            [
                18.01171,
                59.35386
            ],
            [
                18.0115,
                59.35377
            ],
            [
                18.01105,
                59.35355
            ],
            [
                18.01095,
                59.35349
            ],
            [
                18.01079,
                59.35353
            ],
            [
                18.01039,
                59.3536
            ],
            [
                18.01018,
                59.35364
            ],
            [
                18.00924,
                59.3538
            ]
        ]
    ],
    "trips_encoded": [
        "_e}lB_|giJqBHiBPMEkAa@e@ADOU_B|CIxAEf@QdBuEfAqDz@qA^{AMKMw@GKm@}@ACi@u@`AOp@GlAE",
        "}||lB{yhiJmADq@FaANh@t@@Bl@|@FJLv@LJ_@zA{@pAgApDeBtEg@PyAD}CHT~AENd@@jA`@LDhBQpBI",
        "_e}lB_|giJ`BGdAKlB_@`AYjAc@tLgFv@UNL^V?RWPWJ[NWJmA^c@NgFhB{DxAQPaAZmB\\MHATS^eAnAMl@l@@J?NFKbATRlAb@XDVEh@_@LBh@PxAj@RJ^GnAMh@GzD_@"
    ]
}