{
    "city": 1,
    "initialStart": [
        18.08423,
        59.34622
    ],
    "trips": [
        [
            [
                18.08423,
                59.34622
            ],
            [
                18.08551,
                59.34658
            ],
            [
                18.08716,
                59.34705
            ],
            [
                18.0872,
                59.34706
            ],
            [
                18.08715,
                59.34711
            ],
            [
                18.08711,
                59.34715
            ],
            [
                18.08707,
                59.34719
            ],
            [
                18.08702,
                59.34718
            ],
            [
                18.08699,
                59.3472
            ],
            [
                18.08692,
                59.34725
            ],
            [
                18.08642,
                59.34747
            ],
            [
                18.0864,
                59.34756
            ],
            [
                18.08627,
                59.34772
            ],
            [
                18.08606,
                59.34784
            ],
            [
                18.08595,
                59.34815
            ],
            [
                18.08578,
                59.34848
            ],
            [
                18.08545,
                59.34884
            ],
            [
                18.08635,
                59.34874
            ],
            [
                18.08672,
                59.34875
            ],
            [
                18.08663,
                59.34889
            ],
            [
                18.08681,
                59.34904
            ],
            [
                18.08688,
                59.34913
            ]
        ],
        [
            [
                18.08688,
                59.34913
            ],
            [
                18.08681,
                59.34904
            ],
            [
                18.08663,
                59.34889
            ],
            [
                18.08672,
                59.34875
            ],
            [
                18.08635,
                59.34874
            ],
            [
                18.08545,
                59.34884
            ],
            [
                18.08578,
                59.34848
            ],
            [
                18.08595,
                59.34815
            ],
            [
                18.08606,
                59.34784
            ],
            [
                18.08627,
                59.34772
            ],
            [
                18.0864,
                59.34756
            ],
            [
                18.08642,
                59.34747
            ],
            [
                18.08692,
                59.34725
            ],
            [
                18.08699,
                59.3472
            ],
            [
                18.08702,
                59.34718
            ],
            [
                18.08707,
                59.34719
            ],
            [
                18.08711,
                59.34715
            ],
            [
                18.08715,
                59.34711
            ],
            [
                18.0872,
                59.34706
            ],
            [
                18.08716,
                59.34705
            ],
            [
                18.08551,
                59.34658
            ],
            [
                18.08423,
                59.34622
            ]
        ],
        [
            [
                18.08423,
                59.34622
            ],
            [
                18.08362,
                59.34604
            ],
            [
                18.08343,
                59.34597
            ],
            [
                18.08337,
                59.34603
            ],
            [
                18.08331,
                59.34609
            ],
            [
                18.08325,
                59.34615
            ],
            [
                18.08316,
                59.34612
            ],
            [
                18.083,
                59.34608
            ],
            [
                18.08283,
                59.34637
            ],
            [
                18.08227,
                59.34707
            ],
            [
                18.08177,
                59.34771
            ],
            [
                18.08128,
                59.34837
            ],
            [
                18.08113,
                59.34851
            ],
            [
                18.08087,
                59.34871
            ],
            [
                18.08063,
                59.34897
            ],
            [
                18.08052,
                59.34912
            ],
            [
                18.08045,
                59.34928
            ],
            [
                18.08045,
                59.34936
            ],
            [
                18.08031,
                59.34938
            ],
            [
                18.08023,
                59.34939
            ],
            [
                18.08021,
                59.34936
            ],
            [
                18.08015,
                59.34923
            ],
            [
                18.08001,
                59.3491
            ],
            [
                18.07965,
                59.34885
            ],
            [
                18.07896,
                59.34858
            ],
            [
                18.07868,
                59.34835
            ],
            [
                18.07844,
                59.34812
            ],
            [
                18.0783,
                59.34804
            ],
            [
                18.07814,
                59.34795
            ]
        ]
    ],
    "trips_encoded": [
        "makmB{`fiJ_GgAiI}AGAHIFGFGH@DCLIbBk@BQX_@h@WT}@`@aA`AgAsDRiAAP[c@]MQ",
        "_rkmBasfiJLPb@\\QZhA@rDSaAfAa@`AU|@i@VY^CPcBj@MHEBIAGFGFIHF@hI|A~FfA",
        "makmB{`fiJxBb@d@LJKJKJKPD^F`@y@nBkCbB_C`BcC\\[r@g@n@s@T]L_@?OZCNABDJXZXfAp@hCt@v@l@n@l@ZN^P"
    ]
}